,Player_Name,Player_LastName,Club,Position,Foot,known_name,sics_id,opta_id,sc_id,first_name,last_name,born_date
0,JE'rE'mie,Boga ,ATALANTA,Left Winger,right,BOGA J.,16850,135365,4920,JEREMIE,BOGA,1997-01-03
1,Moustapha,CissE' ,ATALANTA,Centre-Forward,right,CISSE M.,31765,573202,128960,MOUSTAPHA,CISSE,2003-09-14
2,Giorgio,Cittadini  ,ATALANTA,Centre-Back,right,CITTADINI G.,23624,493261,100807,GIORGIO,CITTADINI,2002-04-18
3,Tommaso,De Nipoti,ATALANTA,Second Striker,left,DE NIPOTI T.,23782,551184,70668,TOMMASO,DE NIPOTI,2003-07-23
4,Marten,de Roon,ATALANTA,Defensive Midfield,right,DE ROON M.,8630,82428,7017,MARTEN,DE ROON,1991-03-29
5,Merih,Demiral ,ATALANTA,Centre-Back,right,DEMIRAL M.,19107,439128,15046,MERIH,DEMIRAL,1998-03-05
6,Berat,Djimsiti ,ATALANTA,Centre-Back,right,DJIMSITI B.,10288,96645,1317,BERAT,DJIMSITI,1993-02-19
7,Remo,Freuler ,ATALANTA,Central Midfield,right,FREULER R.,10289,89076,8919,REMO,FREULER,1992-04-15
8,Robin,Gosens ,ATALANTA,Left Midfield,left,GOSENS R.,14072,177901,9155,ROBIN,GOSENS,1994-07-05
9,Hans,Hateboer ,ATALANTA,Right-Back,right,HATEBOER H.,13282,170135,4197,HANS,HATEBOER,1994-01-09
10,Josip,Ilicic  ,ATALANTA,Second Striker,left,ILICIC J.,6045,55712,5482,JOSIP,ILICIC,1988-01-29
11,Teun,Koopmeiners ,ATALANTA,Defensive Midfield,left,KOOPMEINERS T.,14256,204644,14315,TEUN,KOOPMEINERS,1998-02-28
12,Sam,Lammers ,ATALANTA,Centre-Forward,both,LAMMERS S.,15959,215145,14299,SAM,LAMMERS,1997-04-30
13,Matteo,Lovato  ,ATALANTA,Centre-Back,right,LOVATO M.,21240,483988,26389,MATTEO,LOVATO,2000-02-14
14,Joakim,Maehle ,ATALANTA,Left-Back,right,MAEHLE J.,20250,229220,14570,JOAKIM,MAEHLE,1997-05-20
15,Ruslan,Malinovskyi ,ATALANTA,Attacking Midfield,left,MALINOVSKYI R.,14066,157374,12549,RUSLAN,MALINOVSKYI,1993-05-04
16,Valentin,Mihaila ,ATALANTA,Left Winger,right,MIHAILA V.,24459,439185,17435,VALENTIN,MIHAILA,2000-02-02
17,Aleksey,Miranchuk ,ATALANTA,Attacking Midfield,left,MIRANCHUK AL.,17384,160174,11648,ALEKSEY,MIRANCHUK,1995-10-17
18,Luis,Muriel ,ATALANTA,Centre-Forward,right,MURIEL L.,6333,87750,6439,LUIS,MURIEL,1991-04-16
19,Juan,Musso ,ATALANTA,Goalkeeper,right,MUSSO J.,16872,121537,14085,JUAN,MUSSO,1994-05-06
20,JosE',Luis Palomino,ATALANTA,Centre-Back,left,PALOMINO J. L.,13249,89861,5414,JOSE' LUIS,PALOMINO,1990-01-05
21,Mario,Pasalic ,ATALANTA,Attacking Midfield,right,PASALIC M.,9188,164570,6901,MARIO,PASALIC,1995-02-09
22,Matteo,Pessina ,ATALANTA,Attacking Midfield,left,PESSINA M.,12538,432105,14074,MATTEO,PESSINA,1997-04-21
23,Giuseppe,Pezzella  ,ATALANTA,Left-Back,left,PEZZELLA G.,8754,215312,3972,GIUSEPPE,PEZZELLA,1997-11-29
24,Roberto,Piccoli  ,ATALANTA,Centre-Forward,right,PICCOLI R.,19555,226267,24304,ROBERTO,PICCOLI,2001-01-27
25,Francesco,Rossi ,ATALANTA,Goalkeeper,right,ROSSI F.,12010,73709,14076,FRANCESCO,ROSSI,1991-04-27
26,Giorgio,Scalvini ,ATALANTA,Centre-Back,right,SCALVINI G.,23599,519394,34088,GIORGIO,SCALVINI,2003-12-11
27,Alassane,Sidibe ,ATALANTA,Central Midfield,right,SIDIBE A.,30760,493248,70661,ALASSANE,SIDIBE,2002-06-09
28,Marco,Sportiello ,ATALANTA,Goalkeeper,right,SPORTIELLO M.,6450,55083,6811,MARCO,SPORTIELLO,1992-05-10
29,Bosko,Sutalo  ,ATALANTA,Centre-Back,right,SUTALO B.,23483,455774,16623,BOSKO,SUTALO,2000-01-01
30,Rafael,TolOi ,ATALANTA,Centre-Back,right,TOLOI R.,8765,61118,8812,RAFAEL,TOLOI,1990-10-10
31,DuvAn,Zapata ,ATALANTA,Centre-Forward,right,ZAPATA D.,6200,103086,2895,DUVAN,ZAPATA,1991-04-01
32,Davide,Zappacosta  ,ATALANTA,Right-Back,right,ZAPPACOSTA D.,6461,105700,2541,DAVIDE,ZAPPACOSTA,1992-06-11
33,Michel,Aebischer ,BOLOGNA,Central Midfield,right,AEBISCHER M.,17412,235865,12416,MICHEL,AEBISCHER,1997-01-06
34,Wisdom,Amey ,BOLOGNA,Centre-Back,right,AMEY W.,26095,537503,43302,WISDOM,AMEY,2005-08-11
35,Ebenezer,Annan ,BOLOGNA,Left-Back,left,ANNAN E.,26094,532487,40823,EBENEZER,ANNAN,2002-08-21
36,Marko,Arnautovic ,BOLOGNA,Centre-Forward,both,ARNAUTOVIC M.,10847,41464,6969,MARKO,ARNAUTOVIC,1989-04-19
37,Nicola,Bagnolini ,BOLOGNA,Goalkeeper,right,BAGNOLINI N.,33534,554232,69248,NICOLA,BAGNOLINI,2004-03-14
38,Francesco,Bardi ,BOLOGNA,Goalkeeper,right,BARDI F.,5998,74011,3535,FRANCESCO,BARDI,1992-01-18
39,Musa,Barrow ,BOLOGNA,Left Winger,right,BARROW M.,15914,442430,14078,MUSA,BARROW,1998-11-14
40,Luis,Binks ,BOLOGNA,Centre-Back,left,BINKS L.,26721,248981,36504,LUIS,BINKS,2001-09-02
41,Kevin,Bonifazi  ,BOLOGNA,Centre-Back,right,BONIFAZI K.,10657,175639,14189,KEVIN,BONIFAZI,1996-05-19
42,Lorenzo,De Silvestri,BOLOGNA,Right-Back,right,DE SILVESTRI L.,6285,21125,6283,LORENZO,DE SILVESTRI,1988-05-23
43,Mitchell,Dijks  ,BOLOGNA,Left-Back,left,DIJKS M.,10173,119213,7696,MITCHELL,DIJKS,1993-02-09
44,NicolAs,DomInguez ,BOLOGNA,Central Midfield,right,DOMINGUEZ N.,23137,250199,24688,NICOLAS,DOMINGUEZ,1998-06-28
45,Diego,Falcinelli ,BOLOGNA,Centre-Forward,left,FALCINELLI D.,6785,76100,2701,DIEGO,FALCINELLI,1991-06-26
46,Aaron,Hickey  ,BOLOGNA,Left-Back,both,HICKEY A.,23978,472713,25002,AARON,HICKEY,2002-06-10
47,Denso,Kasius  ,BOLOGNA,Right-Back,right,KASIUS D.,30826,498481,38007,DENSO,KASIUS,2002-10-06
48,Ibrahima,Mbaye ,BOLOGNA,Right-Back,right,MBAYE I.,6095,119908,4402,IBRAHIMA,MBAYE,1994-11-19
49,Gary,Medel ,BOLOGNA,Defensive Midfield,right,MEDEL G.,6107,48853,3768,GARY,MEDEL,1987-08-03
50,Kingsley,Michael ,BOLOGNA,Central Midfield,right,MICHAEL K.,16910,218324,19811,KINGSLEY,MICHAEL,1999-08-26
51,Riccardo,Orsolini ,BOLOGNA,Right Winger,left,ORSOLINI R.,10752,223966,14048,RICCARDO,ORSOLINI,1997-01-24
52,Niklas,PyyhtiA ,BOLOGNA,Central Midfield,left,PYYHTIA N.,30652,492253,64755,NIKLAS,PYYHTIA,2003-09-25
53,Antonio,Raimondo ,BOLOGNA,Centre-Forward,left,RAIMONDO A.,26264,538734,47533,ANTONIO,RAIMONDO,2004-03-18
54,Nicola,Sansone ,BOLOGNA,Left Winger,right,SANSONE N.,6258,81033,7985,NICOLA,SANSONE,1991-09-10
55,Federico,Santander ,BOLOGNA,Centre-Forward,right,SANTANDER F.,13874,78109,3348,FEDERICO,SANTANDER,1991-06-04
56,Jerdy,Schouten ,BOLOGNA,Defensive Midfield,right,SCHOUTEN J.,20888,230152,19024,JERDY,SCHOUTEN,1997-01-12
57,Lukasz,Skorupski ,BOLOGNA,Goalkeeper,right,SKORUPSKI L.,6966,85288,6494,LUKASZ,SKORUPSKI,1991-05-05
58,Andreas,Skov Olsen,BOLOGNA,Right Midfield,left,SKOV OLSEN A.,20254,430368,16470,ANDREAS,SKOV OLSEN,1999-12-29
59,Roberto,Soriano ,BOLOGNA,Attacking Midfield,right,SORIANO R.,6296,59920,9145,ROBERTO,SORIANO,1991-02-08
60,Adama,Soumaoro ,BOLOGNA,Centre-Back,right,SOUMAORO A.,22439,103155,217,ADAMA,SOUMAORO,1992-06-18
61,Riccardo,Stivanello ,BOLOGNA,Centre-Back,right,STIVANELLO R.,30028,565562,101514,RICCARDO,STIVANELLO,2004-04-24
62,Mattias,Svanberg ,BOLOGNA,Central Midfield,right,SVANBERG M.,16856,210912,14056,MATTIAS,SVANBERG,1999-01-05
63,Arthur,Theate ,BOLOGNA,Centre-Back,left,THEATE A.,26708,465189,32269,ARTHUR,THEATE,2000-05-25
64,Takehiro,Tomiyasu ,BOLOGNA,Right-Back,right,TOMIYASU T.,20492,223723,14601,TAKEHIRO,TOMIYASU,1998-11-05
65,Kacper,Urbanski ,BOLOGNA,Defensive Midfield,right,URBANSKI K.,26263,500922,30798,KACPER,URBANSKI,2004-09-07
66,Sydney,van Hooijdonk,BOLOGNA,Centre-Forward,right,VAN HOOIJDONK S.,26516,459655,14346,SYDNEY,VAN HOOIJDONK,2000-02-06
67,Emanuel,Vignato ,BOLOGNA,Right Winger,right,VIGNATO E.,13715,244290,14119,EMANUEL,VIGNATO,2000-08-24
68,Nicolas,Viola ,BOLOGNA,Central Midfield,left,VIOLA N.,5893,40364,8040,NICOLAS,VIOLA,1989-10-12
69,Giorgio,Altare ,CAGLIARI,Centre-Back,right,ALTARE G.,19633,423902,63460,GIORGIO,ALTARE,1998-08-09
70,Daniele,Baselli ,CAGLIARI,Central Midfield,right,BASELLI D.,6462,102195,14099,DANIELE,BASELLI,1992-03-12
71,Raoul,Bellanova ,CAGLIARI,Right-Back,right,BELLANOVA R.,15991,209330,23118,RAOUL,BELLANOVA,2000-05-17
72,MartIn,CAceres ,CAGLIARI,Centre-Back,right,CACERES M.,6113,43693,7036,MARTIN,CACERES,1987-04-07
73,Andrea,Carboni ,CAGLIARI,Centre-Back,left,CARBONI A.,23486,501395,24671,ANDREA,CARBONI,2001-02-04
74,Luca,Ceppitelli ,CAGLIARI,Centre-Back,both,CEPPITELLI L.,6428,60849,6323,LUCA,CEPPITELLI,1989-08-11
75,Damir,Ceter ,CAGLIARI,Centre-Forward,right,CETER D.,15874,244715,27546,DAMIR,CETER,1997-11-02
76,Alessio,Cragno ,CAGLIARI,Goalkeeper,right,CRAGNO A.,6425,105133,477,ALESSIO,CRAGNO,1994-06-28
77,Dalbert ,Dalbert ,CAGLIARI,Left-Back,left,DALBERT H.,13729,212752,2103,HENRIQUE,DALBERT CHAGAS ESTEVAO,1993-09-08
78,Alessandro,Deiola ,CAGLIARI,Central Midfield,right,DEIOLA A.,8685,162330,19037,ALESSANDRO,DEIOLA,1995-08-01
79,Paolo,FaragO' ,CAGLIARI,Central Midfield,right,FARAGO' P.,8696,123309,11657,PAOLO,FARAGO',1993-02-12
80,Diego,Farias ,CAGLIARI,Left Winger,right,FARIAS D.,6439,55654,2702,DIEGO,FARIAS,1990-05-10
81,Luca,Gagliano ,CAGLIARI,Centre-Forward,left,GAGLIANO L.,15711,439929,24717,LUCA,GAGLIANO,2000-07-14
82,Diego,GodIn ,CAGLIARI,Centre-Back,right,GODIN D.,7663,32281,2705,DIEGO,GODIN,1986-02-16
83,Edoardo,Goldaniga  ,CAGLIARI,Centre-Back,right,GOLDANIGA E.,6772,147614,2948,EDOARDO,GOLDANIGA,1993-11-02
84,Alberto,Grassi ,CAGLIARI,Central Midfield,right,GRASSI A.,6474,195516,375,ALBERTO,GRASSI,1995-03-07
85,JoAo,Pedro  ,CAGLIARI,Centre-Forward,right,JOAO PEDRO,6443,88340,5078,JOAO,PEDRO,1992-03-09
86,Keita,BaldE'  ,CAGLIARI,Centre-Forward,both,KEITA B.,6164,156708,1171,BALDE DIAO,KEITA,1995-03-08
87,Christos,Kourfalidis ,CAGLIARI,Central Midfield,right,KOURFALIDIS C.,29790,564149,106779,CHRISTOS,KOURFALIDIS,2002-11-11
88,Charalampos,Lykogiannis ,CAGLIARI,Left-Back,left,LYKOGIANNIS C.,15875,111515,11654,CHARALAMPOS,LYKOGIANNIS,1993-10-22
89,Razvan,Marin ,CAGLIARI,Central Midfield,right,MARIN R.,18555,163632,13057,RAZVAN,MARIN,1996-05-23
90,Nahitan,NAndez ,CAGLIARI,Right Midfield,right,NANDEZ N.,13863,192351,11911,NAHITAN,NANDEZ,1995-12-28
91,Adam,Obert ,CAGLIARI,Centre-Back,left,OBERT A.,26517,484995,70483,ADAM,OBERT,2002-08-23
92,Christian,Oliva ,CAGLIARI,Defensive Midfield,right,OLIVA C.,20890,444628,24075,CHRISTIAN,OLIVA,1996-06-01
93,Leonardo,Pavoletti  ,CAGLIARI,Centre-Forward,right,PAVOLETTI L.,6262,67977,6173,LEONARDO,PAVOLETTI,1988-11-26
94,GastOn,Pereiro ,CAGLIARI,Attacking Midfield,left,PEREIRO G.,10390,153603,3779,GASTON,PEREIRO,1995-06-11
95,Boris,RadunoviC ,CAGLIARI,Goalkeeper,right,RADUNOVIC B.,8629,213535,1392,BORIS,RADUNOVIC,1996-05-26
96,Marko,Rog ,CAGLIARI,Central Midfield,right,ROG M.,7602,195303,12593,MARKO,ROG,1995-07-19
97,Giovanni,Simeone ,CAGLIARI,Centre-Forward,right,SIMEONE G.,11558,166016,11289,GIOVANNI,SIMEONE,1995-07-05
98,Kevin,Strootman ,CAGLIARI,Central Midfield,left,STROOTMAN K.,6957,49887,5865,KEVIN,STROOTMAN,1990-02-13
99,Sebastian,Walukiewicz ,CAGLIARI,Centre-Back,right,WALUKIEWICZ S.,20916,429187,20019,SEBASTIAN,WALUKIEWICZ,2000-04-05
100,Gabriele,Zappa ,CAGLIARI,Right-Back,right,ZAPPA G.,21668,235584,22194,GABRIELE,ZAPPA,1999-12-22
101,Kristjan,Asllani ,EMPOLI,Defensive Midfield,right,ASLLANI K.,25333,517997,34578,KRISTJAN,ASLLANI,2002-03-09
102,Nedim,Bajrami ,EMPOLI,Attacking Midfield,right,BAJRAMI N.,16535,204674,24411,NEDIM,BAJRAMI,1999-02-28
103,Tommaso,Baldanzi ,EMPOLI,Attacking Midfield,left,BALDANZI T.,23596,518908,34579,TOMMASO,BALDANZI,2003-03-23
104,Filippo,Bandinelli ,EMPOLI,Central Midfield,left,BANDINELLI F.,8994,216250,19973,FILIPPO,BANDINELLI,1995-03-29
105,Marco,Benassi ,EMPOLI,Central Midfield,right,BENASSI M.,6321,122476,6753,MARCO,BENASSI,1994-09-08
106,Liberato,Cacace ,EMPOLI,Left-Back,left,CACACE L.,30822,438130,32266,LIBERATO,CACACE,2000-09-27
107,Giovanni,Crociata ,EMPOLI,Central Midfield,right,CROCIATA G.,11406,220091,19639,GIOVANNI,CROCIATA,1997-08-11
108,Patrick,Cutrone ,EMPOLI,Centre-Forward,right,CUTRONE P.,13716,209353,11537,PATRICK,CUTRONE,1998-01-03
109,Federico,Di Francesco,EMPOLI,Left Winger,right,DI FRANCESCO F.,8915,157735,3336,FEDERICO,DI FRANCESCO,1994-06-14
110,Riccardo,Fiamozzi ,EMPOLI,Right-Back,right,FIAMOZZI R.,5958,109623,9010,RICCARDO,FIAMOZZI,1993-05-18
111,Nicolas,Haas ,EMPOLI,Central Midfield,right,HAAS N.,11551,194783,8017,NICOLAS,HAAS,1996-01-23
112,Liam,Henderson ,EMPOLI,Central Midfield,right,HENDERSON L.,8573,168225,6219,LIAM,HENDERSON,1996-04-25
113,Ardian,Ismajli ,EMPOLI,Centre-Back,right,ISMAJLI A.,23945,229912,16569,ARDIAN,ISMAJLI,1996-09-30
114,Andrea,La Mantia ,EMPOLI,Centre-Forward,right,LA MANTIA A.,10989,79847,19778,ANDREA,LA MANTIA,1991-05-06
115,Sebastiano,Luperto ,EMPOLI,Centre-Back,left,LUPERTO S.,7479,168618,13446,SEBASTIANO,LUPERTO,1996-09-06
116,Leonardo,Mancuso ,EMPOLI,Centre-Forward,right,MANCUSO L.,5628,153758,19788,LEONARDO,MANCUSO,1992-05-26
117,Riccardo,Marchizza ,EMPOLI,Left-Back,left,MARCHIZZA R.,11686,201333,19642,RICCARDO,MARCHIZZA,1998-03-26
118,Fabiano,Parisi ,EMPOLI,Left-Back,left,PARISI F.,21208,515952,33392,FABIANO,PARISI,2000-11-09
119,Andrea,Pinamonti ,EMPOLI,Centre-Forward,right,PINAMONTI A.,11423,216040,14183,ANDREA,PINAMONTI,1999-05-19
120,Samuele,Ricci ,EMPOLI,Defensive Midfield,right,RICCI S.,16070,450023,27570,SAMUELE,RICCI,2001-08-21
121,Simone,Romagnoli  ,EMPOLI,Centre-Back,right,ROMAGNOLI S.,6368,82334,9897,SIMONE,ROMAGNOLI,1990-02-09
122,Petar,Stojanovic ,EMPOLI,Right-Back,right,STOJANOVIC P.,8052,153814,12434,PETAR,STOJANOVIC,1995-10-07
123,Leo,Stulac ,EMPOLI,Defensive Midfield,right,STULAC L.,9068,114355,13038,LEO,STULAC,1994-09-26
124,Lorenzo,Tonelli  ,EMPOLI,Centre-Back,right,TONELLI L.,6407,42426,6294,LORENZO,TONELLI,1990-01-17
125,Valerio,Verre ,EMPOLI,Attacking Midfield,both,VERRE V.,6780,105132,10628,VALERIO,VERRE,1994-01-11
126,Guglielmo,Vicario ,EMPOLI,Goalkeeper,right,VICARIO G.,12119,184254,19584,GUGLIELMO,VICARIO,1996-10-07
127,Mattia,Viti ,EMPOLI,Centre-Back,left,VITI M.,23620,499156,30107,MATTIA,VITI,2002-01-24
128,Szymon,Zurkowski ,EMPOLI,Central Midfield,right,ZURKOWSKI S.,20277,427148,16999,SZYMON,ZURKOWSKI,1997-09-25
129,Sofyan,Amrabat ,FIORENTINA,Defensive Midfield,right,AMRABAT S.,14903,172912,9927,SOFYAN,AMRABAT,1996-08-21
130,Cristiano,Biraghi ,FIORENTINA,Left-Back,left,BIRAGHI C.,6001,88432,2067,CRISTIANO,BIRAGHI,1992-09-01
131,Giacomo,Bonaventura ,FIORENTINA,Central Midfield,right,BONAVENTURA G.,6191,49417,3879,GIACOMO,BONAVENTURA,1989-08-22
132,Arthur,Cabral ,FIORENTINA,Centre-Forward,right,CABRAL A.,23799,215241,23978,ARTHUR,CABRAL,1998-04-25
133,JosE',CallejOn ,FIORENTINA,Right Winger,right,CALLEJON J. M.,6196,51732,5422,JOSE' MARIA,CALLEJON,1987-02-11
134,Gaetano,Castrovilli  ,FIORENTINA,Central Midfield,right,CASTROVILLI G.,7694,195634,19825,GAETANO,CASTROVILLI,1997-02-17
135,Filippo,Distefano ,FIORENTINA,Second Striker,right,DISTEFANO F.,29581,561076,73204,FILIPPO,DISTEFANO,2003-08-28
136,Bartlomiej,Dragowski  ,FIORENTINA,Goalkeeper,right,DRAGOWSKI B.,11543,162842,13025,BARTLOMIEJ,DRAGOWSKI,1997-08-19
137,Alfred,Duncan ,FIORENTINA,Central Midfield,left,DUNCAN A.,6290,116056,587,ALFRED,DUNCAN,1993-03-10
138,NicolAs,GonzAlez  ,FIORENTINA,Left Winger,left,GONZALEZ N.,26456,231004,19061,NICOLAS,GONZALEZ,1998-04-06
139,Igor,Igor,FIORENTINA,Centre-Back,left,IGOR,20897,223434,23754,IGOR JULIO,DOS SANTOS DE PAULO,1998-02-07
140,Jonathan,IkonE' ,FIORENTINA,Right Winger,left,IKONE' J.,11426,199672,11653,JONATHAN,IKONE',1998-05-02
141,Aleksandr,Kokorin ,FIORENTINA,Centre-Forward,right,KOKORIN A.,8600,57038,13218,ALEKSANDR,KOKORIN,1991-03-19
142,Youssef,Maleh ,FIORENTINA,Central Midfield,left,MALEH Y.,14384,232066,27653,YOUSSEF,MALEH,1998-08-22
143,Nikola,MilenkoviC ,FIORENTINA,Centre-Back,right,MILENKOVIC N.,14076,227444,11816,NIKOLA,MILENKOVIC,1997-10-12
144,Matija,NastasiC ,FIORENTINA,Centre-Back,left,NASTASIC M.,7555,84702,7201,MATIJA,NASTASIC,1993-03-28
145,Alvaro,Odriozola ,FIORENTINA,Right-Back,right,ODRIOZOLA A.,13413,201172,11358,ALVARO,ODRIOZOLA,1995-12-14
146,Krzysztof,Piatek ,FIORENTINA,Centre-Forward,right,PIATEK K.,13404,185065,5994,KRZYSZTOF,PIATEK,1995-07-01
147,Erick,Pulgar ,FIORENTINA,Defensive Midfield,right,PULGAR E.,8679,139146,3144,ERICK,PULGAR,1994-01-15
148,Lucas,MartInez Quarta,FIORENTINA,Centre-Back,right,QUARTA L. M.,24458,209736,24949,LUCAS MARTINEZ,QUARTA,1996-05-10
149,Luca,Ranieri ,FIORENTINA,Left-Back,left,RANIERI L.,14362,215983,19893,LUCA,RANIERI,1999-04-23
150,Riccardo,Saponara ,FIORENTINA,Attacking Midfield,right,SAPONARA R.,6187,57107,9016,RICCARDO,SAPONARA,1991-12-21
151,Riccardo,Sottil  ,FIORENTINA,Left Winger,right,SOTTIL R.,15990,235454,14066,RICCARDO,SOTTIL,1999-06-03
152,Pietro,Terracciano ,FIORENTINA,Goalkeeper,right,TERRACCIANO P.,9194,79583,8706,PIETRO,TERRACCIANO,1990-03-08
153,Aleksa,TerziC ,FIORENTINA,Left-Back,left,TERZIC A.,20220,430847,12351,ALEKSA,TERZIC,1999-08-17
154,Lucas,Torreira ,FIORENTINA,Defensive Midfield,right,TORREIRA L.,7654,198849,11341,LUCAS,TORREIRA,1996-02-11
155,Lorenzo,Venuti ,FIORENTINA,Right-Back,right,VENUTI L.,5807,178724,19780,LORENZO,VENUTI,1995-04-12
156,Dušan,VlahoviC ,FIORENTINA,Centre-Forward,left,VLAHOVIC D.,16827,225479,14068,DUSAN,VLAHOVIC,2000-01-28
157,Kevin,Agudelo ,GENOA,Attacking Midfield,left,AGUDELO K.,20959,444845,24246,KEVIN,AGUDELO,1998-11-14
158,Nadiem,Amiri ,GENOA,Central Midfield,right,AMIRI N.,13822,183309,7846,NADIEM,AMIRI,1996-10-27
159,Milan,Badelj ,GENOA,Defensive Midfield,right,BADELJ M.,6051,56999,7629,MILAN,BADELJ,1989-02-25
160,Mattia,Bani ,GENOA,Centre-Back,right,BANI M.,5834,152965,11598,MATTIA,BANI,1993-12-10
161,Valon,Behrami ,GENOA,Defensive Midfield,right,BEHRAMI V.,10016,21123,10633,VALON,BEHRAMI,1985-04-19
162,Flavio,Bianchi ,GENOA,Centre-Forward,right,BIANCHI F.,16089,209340,28601,FLAVIO,BIANCHI,2000-01-24
163,Davide,Biraschi ,GENOA,Centre-Back,right,BIRASCHI D.,8843,116196,11655,DAVIDE,BIRASCHI,1994-07-02
164,Aleksander,Buksa ,GENOA,Centre-Forward,left,BUKSA A.,26521,476956,29662,ALEKSANDER,BUKSA,2003-01-15
165,Felipe,Caicedo ,GENOA,Centre-Forward,left,CAICEDO F.,13451,42173,3355,FELIPE,CAICEDO,1988-09-05
166,Riccardo,Calafiori ,GENOA,Left-Back,left,CALAFIORI R.,16122,466075,24271,RICCARDO,CALAFIORI,2002-05-19
167,Andrea,Cambiaso ,GENOA,Left-Back,both,CAMBIASO A.,21320,515759,33391,ANDREA,CAMBIASO,2000-02-20
168,Francesco,Cassata ,GENOA,Central Midfield,right,CASSATA F.,10256,182518,11268,FRANCESCO,CASSATA,1997-07-16
169,Domenico,Criscito ,GENOA,Left-Back,left,CRISCITO D.,7952,19821,2810,DOMENICO,CRISCITO,1986-12-30
170,Mattia,Destro  ,GENOA,Centre-Forward,right,DESTRO M.,6963,60071,7277,MATTIA,DESTRO,1991-03-20
171,Caleb,Ekuban ,GENOA,Centre-Forward,right,EKUBAN C.,9786,152905,14805,CALEB,EKUBAN,1994-03-23
172,Mohamed,Fares ,GENOA,Left Midfield,left,FARES M. S.,7023,184661,7727,MOHAMED,FARES,1996-02-15
173,Andrea,Favilli ,GENOA,Centre-Forward,right,FAVILLI A.,10321,201652,14162,ANDREA,FAVILLI,1997-05-17
174,Morten,Frendrup ,GENOA,Central Midfield,right,FRENDRUP M.,30829,445733,16452,MORTEN,FRENDRUP,2001-04-07
175,Pablo,Galdames ,GENOA,Defensive Midfield,right,GALDAMES P.,26489,179200,23635,PABLO,GALDAMES,1996-12-30
176,Paolo,Ghiglione ,GENOA,Right-Back,right,GHIGLIONE P.,8772,202903,14176,PAOLO,GHIGLIONE,1997-02-02
177,Albert,Gudmundsson ,GENOA,Right Winger,right,GUDMUNDSSON A.,16597,215147,11965,ALBERT,GUDMUNDSSON,1997-06-15
178,Silvan,Hefti ,GENOA,Right-Back,right,HEFTI S.,16525,216588,9843,SILVAN,HEFTI,1997-10-25
179,Hernani,Hernani,GENOA,Central Midfield,both,HERNANI A. J.,18559,157717,13274,AZEVEDO JUNIOR,HERNANI,1994-03-27
180,Yayah,Kallon ,GENOA,Right Winger,left,KALLON Y.,26265,539199,48533,YAYAH,KALLON,2001-06-30
181,Nikola,Maksimovic ,GENOA,Centre-Back,right,MAKSIMOVIC N.,6312,87542,8076,NIKOLA,MAKSIMOVIC,1991-11-25
182,Andrea,Masiello ,GENOA,Centre-Back,right,MASIELLO A.,7124,17985,778,ANDREA,MASIELLO,2020-10-20
183,Filippo,Melegoni ,GENOA,Central Midfield,right,MELEGONI F.,13269,195896,19800,FILIPPO,MELEGONI,1999-02-18
184,Leo,Ostigard ,GENOA,Centre-Back,right,OSTIGARD L. S.,25617,462026,25512,LEO SKIRI,OSTIGARD,1999-11-28
185,Goran,Pandev ,GENOA,Second Striker,left,PANDEV G.,7988,15061,4023,GORAN,PANDEV,1983-07-27
186,Manolo,Portanova ,GENOA,Central Midfield,right,PORTANOVA M.,16078,437802,24515,MANOLO,PORTANOVA,2000-06-02
187,NicolO',Rovella ,GENOA,Defensive Midfield,right,ROVELLA N.,16067,450024,24518,NICOLO',ROVELLA,2001-12-04
188,Stefano,Sabelli ,GENOA,Right-Back,right,SABELLI S.,6637,126488,10004,STEFANO,SABELLI,1993-01-13
189,Eddie,Salcedo ,GENOA,Centre-Forward,right,SALCEDO MORA E. A.,14371,428897,23208,EDDIE ANTHONY,SALCEDO MORA,2001-10-01
190,Adrian,Semper ,GENOA,Goalkeeper,right,SEMPER A.,13038,218362,14109,ADRIAN,SEMPER,1998-01-12
191,Laurens,Serpe ,GENOA,Centre-Back,both,SERPE L.,16044,465639,63028,LAURENS,SERPE,2001-02-07
192,Salvatore,Sirigu ,GENOA,Goalkeeper,right,SIRIGU S.,7295,21155,9473,SALVATORE,SIRIGU,1987-01-12
193,Stefano,Sturaro  ,GENOA,Central Midfield,right,STURARO S.,6509,94751,10006,STEFANO,STURARO,1993-03-09
194,Abdoulaye,TourE' ,GENOA,Defensive Midfield,right,TOURE' A.,27367,158496,128,ABDOULAYE,TOURE',1994-03-03
195,Zinho,Vanheusden  ,GENOA,Centre-Back,right,VANHEUSDEN Z.,14683,423112,13747,ZINHO,VANHEUSDEN,1999-07-29
196,Johan,VAsquez ,GENOA,Centre-Back,left,VASQUEZ J.,26673,431026,36150,JOHAN,VASQUEZ,1998-10-22
197,Kelvin,Yeboah ,GENOA,Centre-Forward,right,YEBOAH K.,27124,454491,28782,KELVIN,YEBOAH,2000-05-06
198,Antonin,Barak ,HELLAS VERONA,Attacking Midfield,left,BARAK A.,13794,218784,11338,ANTONIN,BARAK,1994-12-03
199,Alessandro,Berardi ,HELLAS VERONA,Goalkeeper,right,BERARDI A.,12199,94239,23206,ALESSANDRO,BERARDI,1991-01-16
200,Daniel,Bessa ,HELLAS VERONA,Central Midfield,right,BESSA D.,5586,149260,14158,DANIEL,BESSA,1993-01-14
201,Matteo,Cancellieri ,HELLAS VERONA,Right Winger,left,CANCELLIERI M.,23883,466149,33335,MATTEO,CANCELLIERI,2002-02-12
202,NicolO',Casale ,HELLAS VERONA,Centre-Back,right,CASALE N.,14235,244453,27654,NICOLO',CASALE,1998-02-14
203,Federico,Ceccherini ,HELLAS VERONA,Centre-Back,right,CECCHERINI F.,5699,90557,3335,FEDERICO,CECCHERINI,1992-05-11
204,Mert,Cetin ,HELLAS VERONA,Centre-Back,right,CETIN M.,20962,433734,23202,MERT,CETIN,1997-01-01
205,Diego,Coppola  ,HELLAS VERONA,Centre-Back,right,COPPOLA D.,26872,550090,85815,DIEGO,COPPOLA,2003-12-28
206,Pawel,Dawidowicz ,HELLAS VERONA,Centre-Back,both,DAWIDOWICZ P.,13396,141925,8542,PAWEL,DAWIDOWICZ,1995-05-20
207,Samuel,Di Carmine,HELLAS VERONA,Centre-Forward,right,DI CARMINE S.,8837,32286,19694,SAMUEL,DI CARMINE,1988-09-29
208,Davide,Faraoni  ,HELLAS VERONA,Right-Back,right,FARAONI D.,6361,49391,6767,DAVIDE,FARAONI,1991-10-25
209,Gianluca,Frabotta ,HELLAS VERONA,Left-Back,left,FRABOTTA G.,15987,246002,29721,GIANLUCA,FRABOTTA,1999-06-24
210,Koray,GUnter ,HELLAS VERONA,Centre-Back,right,GUNTER K.,10436,118888,14152,KORAY,GUNTER,1994-08-16
211,Martin,Hongla ,HELLAS VERONA,Defensive Midfield,right,HONGLA M.,24843,241127,26622,MARTIN,HONGLA,1998-03-16
212,Ivan,IliC ,HELLAS VERONA,Central Midfield,left,ILIC I.,23948,430848,12355,IVAN,ILIC,2001-03-17
213,Nikola,Kalinic ,HELLAS VERONA,Centre-Forward,both,KALINIC N.,7783,50401,8074,NIKOLA,KALINIC,1988-01-05
214,Kevin,Lasagna ,HELLAS VERONA,Centre-Forward,left,LASAGNA K.,6384,192905,5838,KEVIN,LASAGNA,1992-08-10
215,Darko,LazoviC ,HELLAS VERONA,Left Midfield,right,LAZOVIC D.,8651,57012,2361,DARKO,LAZOVIC,1990-09-15
216,Lorenzo,MontipO' ,HELLAS VERONA,Goalkeeper,right,MONTIPO' L.,11608,156245,19966,LORENZO,MONTIPO',1996-02-20
217,Ivor,Pandur ,HELLAS VERONA,Goalkeeper,right,PANDUR I.,23950,459089,32446,IVOR,PANDUR,2000-03-25
218,Mateusz,Praszelik ,HELLAS VERONA,Attacking Midfield,right,PRASZELIK M.,30830,437537,25096,MATEUSZ,PRASZELIK,2000-09-26
219,Panagiotis,Retsos ,HELLAS VERONA,Centre-Back,right,RETSOS P.,14050,222786,16287,PANAGIOTIS,RETSOS,1998-08-09
220,Adrien,Tamèze ,HELLAS VERONA,Defensive Midfield,right,TAMEZE A.,15137,152338,11508,ADRIEN,TAMEZE,1994-02-04
221,Filippo,Terracciano ,HELLAS VERONA,Central Midfield,right,TERRACCIANO F.,23510,508625,26201,FILIPPO,TERRACCIANO,2003-02-08
222,Miguel,Veloso ,HELLAS VERONA,Defensive Midfield,left,VELOSO M.,10005,19620,7578,MIGUEL,VELOSO,1986-05-11
223,NicolO',Barella ,INTER,Central Midfield,right,BARELLA N.,6438,171384,8042,NICOLO',BARELLA,1997-02-07
224,Alessandro,Bastoni ,INTER,Centre-Back,left,BASTONI A.,12940,215977,19047,ALESSANDRO,BASTONI,1999-04-13
225,Marcelo,Brozovic ,INTER,Defensive Midfield,both,BROZOVIC M.,7092,94425,6707,MARCELO,BROZOVIC,1992-11-16
226,Hakan,Calhanoglu ,INTER,Central Midfield,right,CALHANOGLU H.,7687,111732,4175,HAKAN,CALHANOGLU,1994-02-08
227,JoaquIn,Correa  ,INTER,Second Striker,right,CORREA J.,7120,116195,5096,JOAQUIN,CORREA,1994-08-13
228,Danilo,D'Ambrosio ,INTER,Centre-Back,right,D'AMBROSIO D.,6091,39826,2286,DANILO,D'AMBROSIO,1988-09-09
229,Matteo,Darmian  ,INTER,Right-Back,right,DARMIAN M.,6314,40002,7229,MATTEO,DARMIAN,1989-12-02
230,Stefan,de Vrij,INTER,Centre-Back,right,DE VRIJ S.,6149,78140,9972,STEFAN,DE VRIJ,1992-02-05
231,Federico,Dimarco ,INTER,Left-Back,left,DIMARCO F.,7814,161919,19036,FEDERICO,DIMARCO,1997-11-10
232,Denzel,Dumfries ,INTER,Right Midfield,right,DUMFRIES D.,17370,199432,12685,DENZEL,DUMFRIES,1996-04-18
233,Edin,Dzeko ,INTER,Centre-Forward,right,DZEKO E.,7825,42544,2938,EDIN,DZEKO,1986-03-17
234,Roberto,Gagliardini ,INTER,Central Midfield,right,GAGLIARDINI R.,5884,171152,9134,ROBERTO,GAGLIARDINI,1994-04-07
235,Samir,Handanovic ,INTER,Goalkeeper,right,HANDANOVIC S.,6083,18383,9494,SAMIR,HANDANOVIC,1984-07-14
236,Aleksandar,Kolarov ,INTER,Left-Back,left,KOLAROV A.,7558,42593,420,ALEKSANDAR,KOLAROV,1985-11-10
237,Lautaro,MartInez ,INTER,Centre-Forward,right,LAUTARO MARTINEZ,16755,209737,12643,LAUTARO,MARTINEZ,1997-08-22
238,Ivan,Perisic ,INTER,Left Midfield,both,PERISIC I.,7244,45034,4545,IVAN,PERISIC,1989-02-02
239,Ionut,Radu  ,INTER,Goalkeeper,right,RADU I.,11017,215531,14164,IONUT ANDREI,RADU,1997-05-28
240,Andrea,Ranocchia ,INTER,Centre-Back,right,RANOCCHIA A.,6097,39167,788,ANDREA,RANOCCHIA,1988-02-16
241,Alexis,SAnchez ,INTER,Centre-Forward,right,SANCHEZ A.,7720,37265,579,ALEXIS,SANCHEZ,1988-12-19
242,MartIn,Satriano ,INTER,Centre-Forward,right,SATRIANO M.,26682,474843,31185,MARTIN,SATRIANO,2001-02-20
243,Stefano,Sensi  ,INTER,Central Midfield,right,SENSI S.,8783,147166,11271,STEFANO,SENSI,1995-08-05
244,Milan,Skriniar ,INTER,Centre-Back,right,SKRINIAR M.,10918,112065,7638,MILAN,SKRINIAR,1995-02-11
245,MatIas,Vecino ,INTER,Central Midfield,right,VECINO M.,6414,148215,7199,MATIAS,VECINO,1991-08-24
246,Arturo,Vidal ,INTER,Central Midfield,right,VIDAL A.,6119,42565,1091,ARTURO,VIDAL,1987-05-22
247,Mattia,Zanotti ,INTER,Right-Back,right,ZANOTTI M.,23601,544883,70564,MATTIA,ZANOTTI,2003-01-11
248,Marley,AkE'  ,JUVENTUS,Left Winger,right,AKE' M.,24708,485176,23790,MARLEY,AKE',2001-01-05
249,Alex,Sandro ,JUVENTUS,Left-Back,left,ALEX SANDRO,7675,53693,510,ALEX SANDRO,LOBO SILVA,1991-01-26
250,Arthur,Melo  ,JUVENTUS,Central Midfield,right,ARTHUR,17369,204043,12644,ARTHUR HENRIQUE,RAMOS DE OLIVEIRA MELO,1996-08-12
251,Rodrigo,Bentancur ,JUVENTUS,Central Midfield,right,BENTANCUR R.,14080,202993,11287,RODRIGO,BENTANCUR,1997-06-25
252,Federico,Bernardeschi ,JUVENTUS,Right Winger,left,BERNARDESCHI F.,6049,147297,3333,FEDERICO,BERNARDESCHI,1994-02-16
253,Leonardo,Bonucci ,JUVENTUS,Centre-Back,right,BONUCCI L.,6111,28277,6169,LEONARDO,BONUCCI,1987-05-01
254,Giorgio,Chiellini ,JUVENTUS,Centre-Back,left,CHIELLINI G.,6112,18102,3943,GIORGIO,CHIELLINI,1984-08-14
255,Federico,Chiesa ,JUVENTUS,Right Winger,right,CHIESA F.,11798,223541,11288,FEDERICO,CHIESA,1997-10-25
256,Cristiano,Ronaldo ,JUVENTUS,Centre-Forward,right,CRISTIANO RONALDO,7490,14937,2073,CRISTIANO,RONALDO,1985-02-05
257,Juan,Cuadrado ,JUVENTUS,Right Midfield,right,CUADRADO JU.,6048,66733,5511,JUAN GUILLERMO BELLO,CUADRADO,1988-05-26
258,Danilo,Danilo,JUVENTUS,Right-Back,right,DANILO,7674,100180,2295,DANILO,LUIZ DA SILVA,1991-07-15
259,Matthijs,de Ligt,JUVENTUS,Centre-Back,right,DE LIGT M.,13574,209365,11559,MATTHIJS,DE LIGT,1999-08-12
260,Mattia,De Sciglio ,JUVENTUS,Left-Back,right,DE SCIGLIO M.,6177,107013,7276,MATTIA,DE SCIGLIO,1992-10-20
261,Paulo,Dybala ,JUVENTUS,Second Striker,left,DYBALA P.,6222,120638,8504,PAULO,DYBALA,1993-11-15
262,Kaio,Jorge ,JUVENTUS,Centre-Forward,right,KAIO JORGE,26672,466459,24830,KAIO JORGE,PINTO RAMOS,2002-01-24
263,Moise,Kean ,JUVENTUS,Centre-Forward,right,KEAN M.,12837,242058,12769,MOISE,KEAN,2000-02-28
264,Dejan,Kulusevski ,JUVENTUS,Right Winger,left,KULUSEVSKI D.,18931,445044,24053,DEJAN,KULUSEVSKI,2000-04-25
265,Manuel,Locatelli ,JUVENTUS,Defensive Midfield,right,LOCATELLI M.,10917,171387,14174,MANUEL,LOCATELLI,1998-01-08
266,Weston,McKennie ,JUVENTUS,Central Midfield,right,MCKENNIE W.,17390,241519,11284,WESTON,MCKENNIE,1998-08-28
267,Fabio,Miretti ,JUVENTUS,Central Midfield,right,MIRETTI F.,23589,493115,41317,FABIO,MIRETTI,2003-08-03
268,Alvaro,Morata ,JUVENTUS,Centre-Forward,right,MORATA A.,6133,88482,646,ALVARO,MORATA,1992-10-23
269,Martin,Palumbo ,JUVENTUS,Central Midfield,left,PALUMBO M.,23490,497953,26022,MARTIN,PALUMBO,2002-03-05
270,Luca,Pellegrini ,JUVENTUS,Left-Back,left,PELLEGRINI LU.,16864,215981,12762,LUCA,PELLEGRINI,1999-03-07
271,Mattia,Perin ,JUVENTUS,Goalkeeper,right,PERIN M.,6508,87995,7280,MATTIA,PERIN,1992-11-10
272,Carlo,Pinsoglio ,JUVENTUS,Goalkeeper,left,PINSOGLIO C.,5770,59338,12767,CARLO,PINSOGLIO,1990-03-16
273,Adrien,Rabiot ,JUVENTUS,Central Midfield,left,RABIOT A.,7437,120743,277,ADRIEN,RABIOT,1995-04-03
274,Aaron,Ramsey ,JUVENTUS,Central Midfield,right,RAMSEY A.,7724,41792,95,AARON,RAMSEY,1990-12-26
275,Daniele,Rugani ,JUVENTUS,Centre-Back,right,RUGANI D.,6406,150710,2274,DANIELE,RUGANI,1994-07-29
276,MatIas,SoulE' ,JUVENTUS,Right Winger,left,SOULE' M.,26984,511505,67782,MATIAS,SOULE',2003-04-15
277,Wojciech,Szczesny ,JUVENTUS,Goalkeeper,right,SZCZESNY W.,7968,59936,10903,WOJCIECH,SZCZESNY,1990-04-18
278,Denis,Zakaria ,JUVENTUS,Defensive Midfield,right,ZAKARIA D.,11123,212701,2626,DENIS,ZAKARIA,1996-11-20
279,Francesco,Acerbi ,LAZIO,Centre-Back,left,ACERBI F.,6264,84178,3532,FRANCESCO,ACERBI,1988-02-10
280,Jean-Daniel,Akpa Akpro,LAZIO,Central Midfield,right,AKPA AKPRO J. D.,16145,104359,4851,JEAN DANIEL,AKPA AKPRO,1992-10-11
281,AndrE',Anderson ,LAZIO,Attacking Midfield,right,ANDERSON A.,16913,462708,19570,ANDRE',ANDERSON,1999-09-23
282,Toma,Basic ,LAZIO,Central Midfield,left,BASIC T.,19431,212851,12219,TOMA,BASIC,1996-11-25
283,Danilo,Cataldi ,LAZIO,Defensive Midfield,right,CATALDI D.,6154,130963,2285,DANILO,CATALDI,1994-08-06
284,Gonzalo,Escalante ,LAZIO,Central Midfield,right,ESCALANTE G.,5605,156305,4011,GONZALO,ESCALANTE,1993-03-27
285,Felipe,Anderson ,LAZIO,Right Winger,right,FELIPE ANDERSON,6157,101537,3353,FELIPE,ANDERSON PEREIRA GOMES,1993-04-15
286,Elseid,Hysaj ,LAZIO,Right-Back,right,HYSAJ E.,6403,107363,3022,ELSEID,HYSAJ,1994-02-02
287,Ciro,Immobile ,LAZIO,Centre-Forward,right,IMMOBILE C.,7237,59046,1921,CIRO,IMMOBILE,1990-02-20
288,Jovane,Cabral ,LAZIO,Left Winger,right,JOVANE CABRAL,17896,437913,13285,JOVANE EDUARDO,BORGES CABRAL,1998-06-14
289,Dimitrije,Kamenovic ,LAZIO,Left-Back,left,KAMENOVIC D.,26515,457499,116317,DIMITRIJE,KAMENOVIC,2000-07-16
290,Manuel,Lazzari  ,LAZIO,Right-Back,right,LAZZARI M.,10622,156323,12578,MANUEL,LAZZARI,1993-11-29
291,Lucas,Leiva ,LAZIO,Defensive Midfield,right,LUCAS LEIVA,8039,43191,6360,LUCAS,PEZZINI LEIVA,1987-01-09
292,Luis,Alberto ,LAZIO,Central Midfield,right,LUIS ALBERTO,12235,82451,6416,LUIS ALBERTO,ROMERO ALCONCHEL,1992-09-28
293,Luiz,Felipe ,LAZIO,Centre-Back,right,LUIZ FELIPE,12236,215510,12975,LUIZ FELIPE,RAMOS MARCHI,1997-03-22
294,Adam,Marusic ,LAZIO,Right-Back,right,MARUSIC A.,14081,169107,196,ADAM,MARUSIC,1992-10-17
295,Sergej,MilinkoviC-SaviC ,LAZIO,Central Midfield,right,MILINKOVIC-SAVIC S.,8627,180793,9729,SERGEJ,MILINKOVIC-SAVIC,1995-02-27
296,Raúl,Moro ,LAZIO,Left Winger,right,MORO R.,23512,465701,28597,RAUL,MORO,2002-12-05
297,Vedat,Muriqi ,LAZIO,Centre-Forward,left,MURIQI V.,20909,156293,14891,VEDAT,MURIQI,1994-04-24
298,Patric ,Patric ,LAZIO,Centre-Back,right,PATRIC,8640,106461,8396,PATRICIO,GABARRON GIL,1993-04-17
299,Pedro,Pedro,LAZIO,Right Winger,both,PEDRO,7651,49579,8592,PEDRO,RODRIGUEZ,1987-07-28
300,Stefan,Radu ,LAZIO,Centre-Back,left,RADU S.,6152,27353,9971,STEFAN,RADU,1986-10-22
301,Pepe,Reina ,LAZIO,Goalkeeper,right,REINA P.,8633,8432,8608,PEPE,REINA,1982-08-31
302,Luka,Romero  ,LAZIO,Right Winger,left,ROMERO L.,26711,508475,25811,LUKA,ROMERO,2004-11-18
303,Thomas,Strakosha ,LAZIO,Goalkeeper,right,STRAKOSHA T.,6142,140200,13293,THOMAS,STRAKOSHA,1995-03-19
304,Denis,Vavro ,LAZIO,Centre-Back,right,VAVRO D.,15765,164266,12880,DENIS,VAVRO,1996-04-10
305,Mattia,Zaccagni  ,LAZIO,Left Winger,right,ZACCAGNI M.,8666,157008,19698,MATTIA,ZACCAGNI,1995-06-16
306,TiemouE',Bakayoko ,MILAN,Defensive Midfield,right,BAKAYOKO T.,8111,169102,10351,TIEMOUE',BAKAYOKO,1994-08-17
307,FodE',Ballo-TourE' ,MILAN,Left-Back,left,BALLO-TOURE' F.,19607,225897,11450,FODE,BALLO-TOURE',1997-01-03
308,Ismaël,Bennacer ,MILAN,Defensive Midfield,left,BENNACER I.,14398,202041,14125,ISMAEL,BENNACER,1997-12-01
309,Brahim,DIaz ,MILAN,Attacking Midfield,both,BRAHIM DIAZ,14559,216183,11592,BRAHIM,DIAZ,1999-08-03
310,Davide,Calabria  ,MILAN,Right-Back,right,CALABRIA D.,7811,161918,2524,DAVIDE,CALABRIA,1996-12-06
311,Samu,Castillejo ,MILAN,Right Winger,left,CASTILLEJO S.,10405,193449,9511,SAMU,CASTILLEJO,1995-01-18
312,Andrea,Conti  ,MILAN,Right-Back,right,CONTI A.,5975,193183,765,ANDREA,CONTI,1994-03-02
313,Alessandro,Florenzi  ,MILAN,Right-Back,right,FLORENZI A.,6958,97617,456,ALESSANDRO,FLORENZI,1991-03-11
314,Matteo,Gabbia  ,MILAN,Centre-Back,right,GABBIA M.,15981,215979,24046,MATTEO,GABBIA,1999-10-21
315,Olivier,Giroud ,MILAN,Centre-Forward,left,GIROUD O.,7723,44346,8206,OLIVIER,GIROUD,1986-09-30
316,Theo,HernAndez ,MILAN,Left-Back,left,HERNANDEZ T.,15562,222784,11606,THEO BERNARD FRANCOIS,HERNANDEZ,1997-10-06
317,Zlatan,IbrahimoviC  ,MILAN,Centre-Forward,both,IBRAHIMOVIC Z.,7659,9808,11122,ZLATAN,IBRAHIMOVIC,1981-10-03
318,Pierre,Kalulu ,MILAN,Centre-Back,right,KALULU P.,23944,466041,24786,PIERRE,KALULU,2000-06-05
319,Franck,KessiE'  ,MILAN,Central Midfield,right,KESSIE' F.,8987,173181,11498,FRANCK,KESSIE',1996-12-19
320,Simon,Kjaer ,MILAN,Centre-Back,right,KJAER S.,7583,48714,9866,SIMON,KJAER,1989-03-26
321,Rade,Krunic ,MILAN,Central Midfield,right,KRUNIC R.,8677,155748,8772,RADE,KRUNIC,1993-10-07
322,Rafael,LeAo ,MILAN,Left Winger,right,LEAO R.,20900,216065,12840,RAFAEL,LEAO,1999-06-10
323,Mike,Maignan  ,MILAN,Goalkeeper,right,MAIGNAN M.,21438,129487,7604,MIKE,MAIGNAN,1995-07-03
324,Daniel,Maldini ,MILAN,Attacking Midfield,right,MALDINI D.,23287,488253,24452,DANIEL,MALDINI,2001-10-11
325,Junior,Messias ,MILAN,Right Winger,left,MESSIAS J.,14410,432070,27565,JUNIOR,MESSIAS,1991-05-13
326,Pietro,Pellegri ,MILAN,Centre-Forward,right,PELLEGRI P.,12970,209335,12201,PIETRO,PELLEGRI,2001-03-17
327,Tommaso,Pobega ,MILAN,Central Midfield,both,POBEGA T.,17629,459025,27618,TOMMASO,POBEGA,1999-07-15
328,Ante,Rebic ,MILAN,Left Winger,right,REBIC A.,7851,98456,903,ANTE,REBIC,1993-09-21
329,Alessio,Romagnoli ,MILAN,Centre-Back,left,ROMAGNOLI A.,6302,126551,480,ALESSIO,ROMAGNOLI,1995-01-12
330,Alexis,Saelemaekers  ,MILAN,Right Winger,right,SAELEMAEKERS A.,20258,437746,14543,ALEXIS,SAELEMAEKERS,1999-06-27
331,Luca,Stanga ,MILAN,Centre-Back, ,STANGA L.,30379,508492,42184,LUCA,STANGA,2002-01-23
332,Ciprian,Tatarusanu ,MILAN,Goalkeeper,right,TATARUSANU C.,6028,44898,1919,CIPRIAN,TATARUSANU,1986-02-09
333,Fikayo,Tomori ,MILAN,Centre-Back,right,TOMORI F.,18218,194794,18779,FIKAYO,TOMORI,1997-12-19
334,Sandro,Tonali  ,MILAN,Defensive Midfield,right,TONALI S.,14430,432422,19844,SANDRO,TONALI,2000-05-08
335,Frank,Anguissa ,NAPOLI,Defensive Midfield,right,ANGUISSA A. Z.,16254,203325,713,ANDRE' ZAMBO,ANGUISSA,1995-11-16
336,Diego,Demme ,NAPOLI,Defensive Midfield,right,DEMME D.,14952,92042,11750,DIEGO,DEMME,1991-11-21
337,Giovanni,Di Lorenzo,NAPOLI,Right-Back,right,DI LORENZO G.,10593,93661,14122,GIOVANNI,DI LORENZO,1993-08-04
338,Eljif,Elmas ,NAPOLI,Attacking Midfield,right,ELMAS E.,19205,225807,13773,ELJIF,ELMAS,1999-09-24
339,FabiAn,Ruiz ,NAPOLI,Central Midfield,left,FABIAN RUIZ,16756,201379,12924,FABIAN,RUIZ,1996-04-03
340,Gianluca,Gaetano ,NAPOLI,Attacking Midfield,right,GAETANO G.,18842,437780,22140,GIANLUCA,GAETANO,2000-05-05
341,Faouzi,Ghoulam ,NAPOLI,Left-Back,left,GHOULAM F.,6211,88746,3313,FAOUZI,GHOULAM,1991-02-01
342,Lorenzo,Insigne  ,NAPOLI,Left Winger,right,INSIGNE L.,6197,75592,6286,LORENZO,INSIGNE,1991-06-04
343,Juan,Jesus ,NAPOLI,Centre-Back,left,JUAN JESUS,6094,91990,11756,JUAN,GUILHERME NUNES JESUS,1991-06-10
344,Kalidou,Koulibaly ,NAPOLI,Centre-Back,right,KOULIBALY K.,6212,86129,5670,KALIDOU,KOULIBALY,1991-06-20
345,Stanislav,Lobotka ,NAPOLI,Defensive Midfield,both,LOBOTKA S.,13903,101820,11208,STANISLAV,LOBOTKA,1994-11-25
346,Hirving,Lozano ,NAPOLI,Right Winger,right,LOZANO H.,11289,179361,11907,HIRVING,LOZANO,1995-07-30
347,KE'vin,Malcuit ,NAPOLI,Right-Back,right,MALCUIT K.,13418,83340,5841,KEVIN,MALCUIT,1991-07-31
348,Konstantinos,Manolas ,NAPOLI,Centre-Back,right,MANOLAS K.,6969,66806,5954,KONSTANTINOS,MANOLAS,1991-06-14
349,Davide,Marfella ,NAPOLI,Goalkeeper,right,MARFELLA D.,21915,460758,63462,DAVIDE,MARFELLA,1999-09-15
350,Alex,Meret ,NAPOLI,Goalkeeper,left,MERET A.,6336,171366,13445,ALEX,MERET,1997-03-22
351,Dries,Mertens ,NAPOLI,Centre-Forward,right,MERTENS D.,6199,54917,2870,DRIES,MERTENS,1987-05-06
352,Victor,Osimhen ,NAPOLI,Centre-Forward,right,OSIMHEN V.,20859,218329,14559,VICTOR,OSIMHEN,1998-12-29
353,David,Ospina ,NAPOLI,Goalkeeper,right,OSPINA D.,7713,48844,2478,DAVID,OSPINA,1988-08-31
354,Adam,Ounas ,NAPOLI,Right Winger,left,OUNAS A.,10165,218005,203,ADAM,OUNAS,1996-11-11
355,Andrea,Petagna ,NAPOLI,Centre-Forward,left,PETAGNA A.,6629,147886,14197,ANDREA,PETAGNA,1995-06-30
356,Matteo,Politano ,NAPOLI,Right Winger,left,POLITANO M.,5822,153776,7236,MATTEO,POLITANO,1993-08-03
357,Amir,Rrahmani ,NAPOLI,Centre-Back,both,RRAHMANI A.,20892,165196,13580,AMIR,RRAHMANI,1994-02-24
358,MArio,Rui ,NAPOLI,Left-Back,left,RUI M.,6410,101019,6905,MARIO,RUI,1991-05-27
359,Axel,Tuanzebe ,NAPOLI,Centre-Back,right,TUANZEBE A.,15753,180804,12111,AXEL,TUANZEBE,1997-11-14
360,Alessandro,Zanoli ,NAPOLI,Right-Back,right,ZANOLI A.,24121,444251,63461,ALESSANDRO,ZANOLI,2000-10-03
361,Piotr,Zielinski ,NAPOLI,Attacking Midfield,both,ZIELINSKI P.,6420,126440,8723,PIOTR,ZIELINSKI,1994-05-20
362,Tammy,Abraham ,ROMA,Centre-Forward,right,ABRAHAM T.,12799,173879,11745,TAMMY,ABRAHAM,1997-10-02
363,Felix,Afena-Gyan ,ROMA,Centre-Forward,right,AFENA-GYAN F.,29144,557021,70481,FELIX,AFENA-GYAN,2003-01-19
364,Edoardo,Bove ,ROMA,Central Midfield,right,BOVE E.,23617,466148,34944,EDOARDO,BOVE,2002-05-16
365,Bryan,Cristante  ,ROMA,Defensive Midfield,right,CRISTANTE B.,8131,109511,1537,BRYAN,CRISTANTE,1995-03-03
366,Ebrima,Darboe  ,ROMA,Defensive Midfield,right,DARBOE E.,25909,477632,24306,EBRIMA,DARBOE,2001-06-06
367,Amadou,Diawara ,ROMA,Defensive Midfield,right,DIAWARA A.,8689,212533,659,AMADOU,DIAWARA,1997-07-17
368,Stephan,El Shaarawy,ROMA,Left Winger,right,EL SHAARAWY S.,6167,58928,10015,STEPHAN,EL SHAARAWY,1992-10-27
369,Daniel,Fuzato ,ROMA,Goalkeeper,right,FUZATO D.,16852,235585,12761,DANIEL,FUZATO,1997-07-04
370,Roger,IbaNez ,ROMA,Centre-Back,right,IBANEZ R.,19678,430788,24050,ROGER,IBANEZ,1998-11-23
371,Rick,Karsdorp ,ROMA,Right-Back,right,KARSDORP R.,7381,186665,9045,RICK,KARSDORP,1995-02-11
372,Dimitrios,Keramitsis ,ROMA,Centre-Back,both,KERAMITSIS D.,30629,566041,103056,DIMITRIOS,KERAMITSIS,2004-07-01
373,Marash,Kumbulla ,ROMA,Centre-Back,right,KUMBULLA M.,16966,433059,19701,MARASH,KUMBULLA,2000-02-08
374,Ainsley,Maitland-Niles ,ROMA,Right Midfield,right,MAITLAND-NILES A.,8339,154043,11534,AINSLEY,MAITLAND-NILES,1997-08-29
375,Gianluca,Mancini ,ROMA,Centre-Back,right,MANCINI G.,8834,198374,11626,GIANLUCA,MANCINI,1996-04-17
376,Borja,Mayoral ,ROMA,Centre-Forward,right,MAYORAL B.,13410,199248,1401,BORJA,MAYORAL,1997-04-05
377,Henrikh,Mkhitaryan ,ROMA,Attacking Midfield,both,MKHITARYAN H.,7220,57249,4287,HENRIKH,MKHITARYAN,1989-01-21
378,SE'rgio,Oliveira ,ROMA,Central Midfield,right,OLIVEIRA S. M.,15201,78638,9759,SERGIO MIGUEL,OLIVEIRA,1992-06-02
379,Lorenzo,Pellegrini ,ROMA,Attacking Midfield,both,PELLEGRINI LO.,7227,184441,6290,LORENZO,PELLEGRINI,1996-06-19
380,Carles,PE'rez ,ROMA,Right Winger,left,PEREZ C.,23037,179369,23844,CARLES,PEREZ,1998-02-16
381,Bryan,Reynolds ,ROMA,Right-Back,right,REYNOLDS B.,25419,223353,27114,BRYAN,REYNOLDS,2001-06-28
382,Rui,PatrIcio ,ROMA,Goalkeeper,left,RUI PATRICIO,7543,38533,9380,RUI PEDRO,DOS SANTOS PATRICIO,1988-02-15
383,Eldor,Shomurodov ,ROMA,Centre-Forward,right,SHOMURODOV E.,24256,205048,15739,ELDOR,SHOMURODOV,1995-06-29
384,Chris,Smalling ,ROMA,Centre-Back,right,SMALLING C.,7339,55909,1806,CHRIS,SMALLING,1989-11-22
385,Leonardo,Spinazzola  ,ROMA,Left-Back,right,SPINAZZOLA L.,6470,84161,12768,LEONARDO,SPINAZZOLA,1993-03-25
386,Jordan,Veretout ,ROMA,Central Midfield,right,VERETOUT J.,13420,96740,5324,JORDAN,VERETOUT,1993-03-01
387,MatIas,ViNa ,ROMA,Left-Back,left,VINA M.,26459,244704,32424,MATIAS,VINA,1997-11-09
388,Cristian,Volpato ,ROMA,Attacking Midfield,left,VOLPATO C.,29593,558973,70784,CRISTIAN,VOLPATO,2003-11-15
389,Nicola,Zalewski ,ROMA,Left Midfield,both,ZALEWSKI N.,26256,466147,33344,NICOLA,ZALEWSKI,2002-01-23
390,NicolO',Zaniolo ,ROMA,Attacking Midfield,left,ZANIOLO N.,13362,245414,12764,NICOLO',ZANIOLO,1999-07-02
391,Ramzi,Aya  ,SALERNITANA,Centre-Back,right,AYA R.,12427,80005,27649,RAMZI,AYA,1990-02-08
392,Vid,Belec  ,SALERNITANA,Goalkeeper,right,BELEC V.,9000,60066,10695,VID,BELEC,1990-06-06
393,Luka,Bogdan ,SALERNITANA,Centre-Back,right,BOGDAN L.,11642,220002,19752,LUKA,BOGDAN,1996-03-26
394,Emil,Bohinen ,SALERNITANA,Central Midfield,left,BOHINEN E.,25754,219497,41576,EMIL,BOHINEN,1999-03-12
395,Federico,Bonazzoli ,SALERNITANA,Centre-Forward,left,BONAZZOLI F.,6087,161932,19930,FEDERICO,BONAZZOLI,1997-05-21
396,Leonardo,Capezzi ,SALERNITANA,Central Midfield,right,CAPEZZI L.,5969,122008,14130,LEONARDO,CAPEZZI,1995-03-28
397,Lassana,Coulibaly ,SALERNITANA,Central Midfield,right,COULIBALY L.,17459,215047,6056,LASSANA,COULIBALY,1996-04-10
398,Mamadou,Coulibaly ,SALERNITANA,Central Midfield,right,COULIBALY M.,13391,249710,27632,MAMADOU,COULIBALY,1999-02-03
399,Filippo,Delli Carri,SALERNITANA,Centre-Back,left,DELLI CARRI F.,14406,244397,41218,FILIPPO,DELLI CARRI,1999-05-03
400,Francesco,Di Tacchio,SALERNITANA,Defensive Midfield,left,DI TACCHIO F.,9661,56247,19561,FRANCESCO,DI TACCHIO,1990-04-20
401,Milan,Djuric ,SALERNITANA,Centre-Forward,right,DJURIC M.,6757,49203,7631,MILAN,DJURIC,1990-05-22
402,Radu,Dragusin ,SALERNITANA,Centre-Back,right,DRAGUSIN R.,23248,493125,34187,RADU,DRAGUSIN,2002-02-03
403,Ederson,Ederson,SALERNITANA,Central Midfield,right,EDERSON,30828,463184,31596,EDERSON JOSE',DOS SANTOS LOURENCO,1999-07-07
404,Federico,Fazio ,SALERNITANA,Centre-Back,right,FAZIO F.,7576,40792,3338,FEDERICO,FAZIO,1987-03-17
405,Vincenzo,Fiorillo ,SALERNITANA,Goalkeeper,left,FIORILLO V.,5799,40670,10727,VINCENZO,FIORILLO,1990-01-13
406,Riccardo,Gagliolo ,SALERNITANA,Centre-Back,left,GAGLIOLO R.,6367,153693,9011,RICCARDO,GAGLIOLO,1990-04-28
407,Cedric,Gondo ,SALERNITANA,Centre-Forward,right,GONDO C.,8851,215886,27645,CEDRIC,GONDO,1996-11-25
408,Norbert,Gyomber  ,SALERNITANA,Centre-Back,right,GYOMBER N.,5590,108732,8116,NORBERT,GYOMBER,1992-07-03
409,Pawel,Jaroszynski  ,SALERNITANA,Left-Back,left,JAROSZYNSKI P.,13397,169420,8544,PAWEL,JAROSZYNSKI,1994-10-02
410,Grigoris,Kastanos ,SALERNITANA,Central Midfield,left,KASTANOS G.,10262,199637,17517,GRIGORIS,KASTANOS,1998-01-30
411,Wajdi,Kechrida ,SALERNITANA,Right-Back,right,KECHRIDA W.,20671,230113,63081,WAJDI,KECHRIDA,1995-11-05
412,Julian,Kristoffersen ,SALERNITANA,Centre-Forward,right,KRISTOFFERSEN J.,25442,225006,28904,JULIAN,KRISTOFFERSEN,1997-05-10
413,Pasquale,Mazzocchi  ,SALERNITANA,Right-Back,right,MAZZOCCHI P.,9671,428237,19805,PASQUALE,MAZZOCCHI,1995-07-27
414,Mikael ,Mikael ,SALERNITANA,Centre-Forward,left,MIKAEL,30825,491981,32853,MIKAEL FILIPE,VIANA DE SOUSA,1999-05-28
415,Andrei,Motoc ,SALERNITANA,Centre-Back,right,MOTOC A.,25501,564113,100573,ANDREI,MOTOC,2002-04-13
416,Lys,Mousset ,SALERNITANA,Centre-Forward,right,MOUSSET L.,16484,178304,12479,LYS,MOUSSET,1996-02-08
417,Joel,Obi ,SALERNITANA,Central Midfield,left,OBI J.,6104,60068,5118,JOEL,OBI,1991-05-22
418,Diego,Perotti ,SALERNITANA,Left Winger,right,PEROTTI D.,6526,55340,2723,DIEGO,PEROTTI,1988-07-26
419,Mario,Perrone ,SALERNITANA,Centre-Back,left,PERRONE M.,30622,565506,100576,MARIO,PERRONE,2003-02-06
420,Ivan,Radovanovic ,SALERNITANA,Defensive Midfield,right,RADOVANOVIC I.,6012,40436,4549,IVAN,RADOVANOVIC,1988-08-29
421,Franck,RibE'ry ,SALERNITANA,Left Winger,right,RIBERY F.,7740,28559,3591,FRANCK,RIBERY,1983-04-07
422,Matteo,Ruggeri ,SALERNITANA,Left-Back,left,RUGGERI M.,23628,487992,32478,MATTEO,RUGGERI,2002-07-11
423,Alessandro,Russo ,SALERNITANA,Central Midfield,right,RUSSO AL.,30767,564115,100574,ALESSANDRO,RUSSO,2003-09-06
424,Andrea,Schiavone ,SALERNITANA,Defensive Midfield,right,SCHIAVONE A.,5789,141561,33356,ANDREA,SCHIAVONE,1993-02-25
425,Luigi,Sepe ,SALERNITANA,Goalkeeper,left,SEPE L.,6398,59326,6410,LUIGI,SEPE,1991-05-08
426,Simy,Simy,SALERNITANA,Centre-Forward,right,SIMY S.,11538,164633,12055,SIMEON,NWANKWO,1992-05-07
427,Stefan,Strandberg ,SALERNITANA,Centre-Back,right,STRANDBERG S.,9087,61966,15868,STEFAN,STRANDBERG,1990-07-25
428,Simone,Verdi ,SALERNITANA,Attacking Midfield,both,VERDI S.,6417,78819,9901,SIMONE,VERDI,1992-07-12
429,Edoardo,Vergani ,SALERNITANA,Centre-Forward,right,VERGANI E.,16050,226273,24348,EDOARDO,VERGANI,2001-02-06
430,FrE'dE'ric,Veseli ,SALERNITANA,Centre-Back,right,VESELI F.,11028,89087,3664,FREDERIC,VESELI,1992-11-20
431,Nadir,Zortea ,SALERNITANA,Right-Back,right,ZORTEA N.,20976,489209,27642,NADIR,ZORTEA,1999-06-19
432,Adrien,Silva ,SAMPDORIA,Central Midfield,right,ADRIEN SILVA,7532,46483,280,ADRIEN,SILVA,1989-03-15
433,Kristoffer,Askildsen ,SAMPDORIA,Central Midfield,right,ASKILDSEN K.,23484,450048,24783,KRISTOFFER,ASKILDSEN,2001-01-09
434,Emil,Audero ,SAMPDORIA,Goalkeeper,right,AUDERO E.,10248,193509,14136,EMIL,AUDERO,1997-01-18
435,Tommaso,Augello ,SAMPDORIA,Left-Back,left,AUGELLO T.,9198,431079,19867,TOMMASO,AUGELLO,1994-08-30
436,Bartosz,Bereszynski ,SAMPDORIA,Right-Back,right,BERESZYNSKI B.,9280,84724,1210,BARTOSZ,BERESZYNSKI,1992-07-12
437,Antonio,Candreva  ,SAMPDORIA,Right Midfield,right,CANDREVA A.,6141,45156,965,ANTONIO,CANDREVA,1987-02-28
438,Gianluca,Caprari ,SAMPDORIA,Second Striker,right,CAPRARI G.,5795,95180,3889,GIANLUCA,CAPRARI,1993-07-30
439,Francesco,Caputo ,SAMPDORIA,Centre-Forward,right,CAPUTO F.,6643,50821,3539,FRANCESCO,CAPUTO,1987-08-06
440,Julian,Chabot ,SAMPDORIA,Centre-Back,left,CHABOT J.,20896,428785,14269,JULIAN,CHABOT,1998-02-12
441,Riccardo,Ciervo ,SAMPDORIA,Left Winger,right,CIERVO R.,23611,515593,34747,RICCARDO,CIERVO,2002-04-01
442,Omar,Colley ,SAMPDORIA,Centre-Back,left,COLLEY O.,13117,156267,14139,OMAR,COLLEY,1992-10-24
443,Mikkel,Damsgaard ,SAMPDORIA,Left Winger,right,DAMSGAARD M.,23953,440089,16475,MIKKEL,DAMSGAARD,2000-07-03
444,Fabio,Depaoli ,SAMPDORIA,Right-Back,right,DEPAOLI F.,12911,222467,14116,FABIO,DEPAOLI,1997-04-24
445,Albin,Ekdal ,SAMPDORIA,Defensive Midfield,right,EKDAL A.,6436,50779,392,ALBIN,EKDAL,1989-07-28
446,Wladimiro,Falcone ,SAMPDORIA,Goalkeeper,right,FALCONE W.,12544,126486,14137,WLADIMIRO,FALCONE,1995-04-12
447,Alex,Ferrari ,SAMPDORIA,Centre-Back,right,FERRARI A.,5563,161490,490,ALEX,FERRARI,1994-07-01
448,Manolo,Gabbiadini ,SAMPDORIA,Centre-Forward,left,GABBIADINI M.,6278,61548,6596,MANOLO,GABBIADINI,1991-11-26
449,Sebastian,Giovinco ,SAMPDORIA,Second Striker,right,GIOVINCO S.,6122,40283,9647,SEBASTIAN,GIOVINCO,1987-01-26
450,Giangiacomo,Magnani ,SAMPDORIA,Centre-Back,right,MAGNANI G.,9372,161794,14170,GIANGIACOMO,MAGNANI,1995-10-04
451,Nicola,Murru ,SAMPDORIA,Left-Back,left,MURRU N.,6429,105108,7980,NICOLA,MURRU,1994-12-16
452,Fabio,Quagliarella ,SAMPDORIA,Centre-Forward,right,QUAGLIARELLA F.,6328,12473,3281,FABIO,QUAGLIARELLA,1983-01-31
453,Nicola,Ravaglia  ,SAMPDORIA,Goalkeeper,right,RAVAGLIA N.,8795,38597,7983,NICOLA,RAVAGLIA,1988-12-12
454,TomAs,RincOn ,SAMPDORIA,Defensive Midfield,right,RINCON T.,6528,50933,10473,TOMAS,RINCON,1988-01-13
455,Abdelhamid,Sabiri ,SAMPDORIA,Attacking Midfield,right,SABIRI A.,24263,246878,12153,ABDELHAMID,SABIRI,1996-11-28
456,Vladyslav,Supryaga  ,SAMPDORIA,Centre-Forward,right,SUPRYAGA V.,24247,463206,12469,VLADYSLAV,SUPRYAGA,2000-02-15
457,Morten,Thorsby ,SAMPDORIA,Central Midfield,right,THORSBY M.,16291,179296,7775,MORTEN,THORSBY,1996-05-05
458,Ernesto,Torregrossa ,SAMPDORIA,Centre-Forward,left,TORREGROSSA E.,5664,104080,19848,ERNESTO,TORREGROSSA,1992-06-28
459,Simone,Trimboli ,SAMPDORIA,Central Midfield,right,TRIMBOLI S.,16102,476625,63180,SIMONE,TRIMBOLI,2002-04-19
460,Ronaldo,Vieira ,SAMPDORIA,Central Midfield,right,VIEIRA R.,16866,221608,14138,RONALDO,VIEIRA,1998-07-19
461,Gerard,Yepes ,SAMPDORIA,Defensive Midfield,right,YEPES G.,26712,548652,70236,GERARD,YEPES,2002-08-25
462,Maya,Yoshida ,SAMPDORIA,Centre-Back,right,YOSHIDA M.,13132,80447,7359,MAYA,YOSHIDA,1988-08-24
463,Kaan,Ayhan ,SASSUOLO,Centre-Back,right,AYHAN K.,14828,159522,5655,KAAN,AYHAN,1994-11-10
464,Domenico,Berardi ,SASSUOLO,Right Winger,left,BERARDI D.,6252,116796,2809,DOMENICO,BERARDI,1994-08-01
465,Emil,Konradsen Ceide,SASSUOLO,Left Winger,right,CEIDE E. K.,30804,455685,13534,EMIL KONRADSEN,CEIDE,2001-09-03
466,Vlad,Chiriches  ,SASSUOLO,Centre-Back,right,CHIRICHES V.,8577,62305,10756,VLAD,CHIRICHES,1989-11-14
467,Andrea,Consigli ,SASSUOLO,Goalkeeper,right,CONSIGLI A.,6275,18500,764,ANDREA,CONSIGLI,1987-01-27
468,GrE'goire,Defrel  ,SASSUOLO,Centre-Forward,left,DEFREL G.,6737,95215,4061,GREGOIRE,DEFREL,1991-06-17
469,Filip,Djuricic  ,SASSUOLO,Attacking Midfield,right,DJURICIC F.,7574,66228,3437,FILIP,DJURICIC,1992-01-30
470,Gian,Marco Ferrari,SASSUOLO,Centre-Back,left,FERRARI G.,7205,155620,14171,GIAN MARCO,FERRARI,1992-05-15
471,Davide,Frattesi ,SASSUOLO,Central Midfield,right,FRATTESI D.,14083,235453,19731,DAVIDE,FRATTESI,1999-09-22
472,Abdou,Harroui ,SASSUOLO,Central Midfield,both,HARROUI A.,25645,234506,26765,ABDOU,HARROUI,1998-01-13
473,Matheus,Henrique ,SASSUOLO,Central Midfield,right,HENRIQUE M.,26669,440730,28311,MATHEUS,HENRIQUE,1997-12-19
474,Georgios,Kyriakopoulos ,SASSUOLO,Left-Back,left,KYRIAKOPOULOS G.,21047,106247,15349,GEORGIOS,KYRIAKOPOULOS,1996-02-05
475,Maxime,LOpez ,SASSUOLO,Defensive Midfield,right,LOPEZ M.,16252,213965,11170,MAXIME,LOPEZ,1997-12-04
476,Francesco,Magnanelli ,SASSUOLO,Defensive Midfield,right,MAGNANELLI F.,6251,14715,3546,FRANCESCO,MAGNANELLI,1984-11-12
477,Mert,MUldUr ,SASSUOLO,Right-Back,right,MULDUR M.,17563,224990,13300,MERT,MULDUR,1999-04-03
478,Brian,Oddei ,SASSUOLO,Right Winger,left,ODDEI B.,25312,499194,24637,BRIAN,ODDEI,2002-09-18
479,Gianluca,Pegolo ,SASSUOLO,Goalkeeper,left,PEGOLO G.,6249,7485,3900,GIANLUCA,PEGOLO,1981-03-25
480,Federico,Peluso ,SASSUOLO,Left-Back,left,PELUSO F.,6272,38476,3344,FEDERICO,PELUSO,1984-01-20
481,Giacomo,Raspadori ,SASSUOLO,Second Striker,both,RASPADORI G.,19990,446969,14168,GIACOMO,RASPADORI,2000-02-18
482,RogE'rio,RogE'rio,SASSUOLO,Left-Back,left,ROGERIO,14685,218441,9212,ROGERIO,OLIVEIRA DA SILVA,1998-01-13
483,Ruan,Tressoldi ,SASSUOLO,Centre-Back,right,RUAN,30378,441451,31659,RUAN,TRESSOLDI NETO,1999-06-07
484,Luigi,Samele ,SASSUOLO,Centre-Forward,right,SAMELE L.,24270,515898,43139,LUIGI,SAMELE,2002-04-09
485,Giacomo,Satalino ,SASSUOLO,Goalkeeper,right,SATALINO G.,11918,223540,11269,GIACOMO,SATALINO,1999-05-20
486,Gianluca,Scamacca ,SASSUOLO,Centre-Forward,right,SCAMACCA G.,14684,195899,14479,GIANLUCA,SCAMACCA,1999-01-01
487,Jeremy,Toljan ,SASSUOLO,Right-Back,right,TOLJAN J.,13813,160540,4943,JEREMY,TOLJAN,1994-08-08
488,Hamed,Junior Traorè,SASSUOLO,Attacking Midfield,both,TRAORE H. J.,15254,424044,14123,HAMED JUNIOR,TRAORE,2000-02-16
489,Kelvin,Amian ,SPEZIA,Right-Back,right,AMIAN ADOU K.,16472,217596,11444,KELVIN AMIAN,ADOU,1998-02-08
490,Janis,Antiste ,SPEZIA,Centre-Forward,right,ANTISTE J.,26694,503184,24785,JANIS,ANTISTE,2002-08-18
491,Simone,Bastoni ,SPEZIA,Central Midfield,left,BASTONI S.,5877,179329,19880,SIMONE,BASTONI,1996-11-05
492,NicolO',Bertola ,SPEZIA,Centre-Back,right,BERTOLA N.,23592,539223,48852,NICOLO',BERTOLA,2003-03-23
493,Mehdi,Bourabia ,SPEZIA,Defensive Midfield,right,BOURABIA M.,16848,78796,14173,MEHDI,BOURABIA,1991-08-07
494,Ebrima,Colley ,SPEZIA,Left Winger,right,COLLEY E.,22591,470501,24450,EBRIMA,COLLEY,2000-02-01
495,Martin,Erlic ,SPEZIA,Centre-Back,right,ERLIC M.,9014,204631,19888,MARTIN,ERLIC,1998-01-24
496,Salva,Ferrer ,SPEZIA,Right-Back,right,FERRER S.,20991,467208,27628,SALVA,FERRER,1998-01-21
497,Emmanuel,Gyasi ,SPEZIA,Left Winger,right,GYASI E.,12670,159043,19873,EMMANUEL,GYASI,1994-01-11
498,Petko,Hristov ,SPEZIA,Centre-Back,right,HRISTOV P.,14363,228276,67302,PETKO,HRISTOV,1999-03-01
499,Jakub,Kiwior ,SPEZIA,Centre-Back,left,KIWIOR J.,27368,440854,64677,JAKUB,KIWIOR,2000-02-15
500,Viktor,Kovalenko  ,SPEZIA,Attacking Midfield,right,KOVALENKO V.,10714,184847,12789,VIKTOR,KOVALENKO,1996-02-14
501,Giulio,Maggiore ,SPEZIA,Central Midfield,right,MAGGIORE G.,11934,233558,19885,GIULIO,MAGGIORE,1998-03-12
502,Rey,Manaj ,SPEZIA,Centre-Forward,right,MANAJ R.,8717,194827,17479,REY,MANAJ,1997-02-24
503,Samuel,Mraz ,SPEZIA,Centre-Forward,right,MRAZ S.,16805,200837,14134,SAMUEL,MRAZ,1997-05-13
504,Aurelien,Nguiamba,SPEZIA,Central Midfield,left,NGUIAMBA A.,29502,204728,13096,AURELIEN,NGUIAMBA,1999-01-18
505,Dimitrios,Nikolaou ,SPEZIA,Centre-Back,left,NIKOLAOU D.,14906,214286,12898,DIMITRIOS,NIKOLAOU,1998-08-13
506,M'Bala,Nzola ,SPEZIA,Centre-Forward,left,NZOLA M.,11616,218707,27626,M'BALA,NZOLA,1996-08-18
507,Suf,Podgoreanu  ,SPEZIA,Right Winger,right,PODGOREANU S.,27369,519337,34186,SUF,PODGOREANU,2002-01-20
508,Ivan,Provedel ,SPEZIA,Goalkeeper,right,PROVEDEL I.,6770,151923,14121,IVAN,PROVEDEL,1994-03-17
509,Arkadiusz,Reca  ,SPEZIA,Left-Back,left,RECA A.,16855,229798,12501,ARKADIUSZ,RECA,1995-06-17
510,Jacopo,Sala ,SPEZIA,Central Midfield,right,SALA J.,6070,80974,4600,JACOPO,SALA,1991-12-05
511,Aimar,Sher ,SPEZIA,Central Midfield,right,SHER A.,26677,483091,29775,AIMAR,SHER,2002-12-20
512,David,Strelec ,SPEZIA,Centre-Forward,left,STRELEC D.,27998,456304,16861,DAVID,STRELEC,2001-04-04
513,Daniele,Verde ,SPEZIA,Right Winger,left,VERDE D.,7039,153867,2276,DANIELE,VERDE,1996-06-20
514,Luca,Vignali ,SPEZIA,Right-Back,right,VIGNALI L.,10306,215421,27625,LUCA,VIGNALI,1996-01-11
515,Jeroen,Zoet ,SPEZIA,Goalkeeper,right,ZOET J.,10396,59108,4961,JEROEN,ZOET,1991-01-06
516,Petar,Zovko ,SPEZIA,Goalkeeper,left,ZOVKO P.,26714,547065,67396,PETAR,ZOVKO,2002-03-25
517,Cristian,Ansaldi ,TORINO,Left-Back,both,ANSALDI C.,7508,50937,2041,CRISTIAN,ANSALDI,1986-09-20
518,Andrea,Belotti ,TORINO,Centre-Forward,right,BELOTTI A.,6223,111722,758,ANDREA,BELOTTI,1993-12-20
519,Etrit,Berisha ,TORINO,Goalkeeper,left,BERISHA E.,6137,61824,3191,ETRIT,BERISHA,1989-03-10
520,Josip,Brekalo ,TORINO,Left Winger,right,BREKALO J.,20227,218368,19097,JOSIP,BREKALO,1998-06-23
521,Bremer,Bremer,TORINO,Centre-Back,right,BREMER G.,16870,428585,14104,GLEISON,BREMER SILVA,1997-03-18
522,Alessandro,Buongiorno  ,TORINO,Centre-Back,left,BUONGIORNO A.,15985,247359,19942,ALESSANDRO,BUONGIORNO,1999-06-06
523,Koffi,Djidji ,TORINO,Centre-Back,right,DJIDJI K.,16869,102766,5939,KOFFI,DJIDJI,1992-11-30
524,Luca,Gemello ,TORINO,Goalkeeper,right,GEMELLO L.,16095,473242,26586,LUCA,GEMELLO,2000-07-03
525,Armando,Izzo ,TORINO,Centre-Back,right,IZZO A.,6516,105119,1037,ARMANDO,IZZO,1992-03-02
526,Ben,Lhassine Kone,TORINO,Attacking Midfield,left,KONE B. L.,20953,442112,22232,BEN LHASSINE,KONE,2000-03-14
527,Karol,Linetty ,TORINO,Central Midfield,right,LINETTY K.,9766,140181,5733,KAROL,LINETTY,1995-02-02
528,Saša,LukiC  ,TORINO,Central Midfield,right,LUKIC S.,11563,212314,13068,SASA,LUKIC,1996-08-13
529,Rolando,Mandragora ,TORINO,Defensive Midfield,left,MANDRAGORA R.,6524,182514,9226,ROLANDO,MANDRAGORA,1997-06-29
530,Vanja,MilinkoviC-SaviC ,TORINO,Goalkeeper,right,MILINKOVIC-SAVIC V.,12261,193773,10639,VANJA,MILINKOVIC-SAVIC,1997-02-20
531,Ola,Aina  ,TORINO,Right-Back,right,OLA AINA T.,11388,159506,11781,TEMITAYO,OLUFISAYO OLAOLUWA AINA,1996-10-08
532,Marko,Pjaca ,TORINO,Left Winger,right,PJACA M.,9095,102228,11845,MARKO,PJACA,1995-05-06
533,Dennis,Praet ,TORINO,Central Midfield,right,PRAET D.,8000,106837,2645,DENNIS,PRAET,1994-05-14
534,Ricardo,RodrIguez ,TORINO,Centre-Back,left,RODRIGUEZ R.,8585,69305,8996,RICARDO,RODRIGUEZ,1992-08-25
535,Antonio,Sanabria ,TORINO,Centre-Forward,right,SANABRIA A.,6976,168598,995,ANTONIO,SANABRIA,1996-03-04
536,Demba,Seck ,TORINO,Right Winger,left,SECK D.,24893,516990,33380,DEMBA,SECK,2001-02-10
537,Stephane,Singo ,TORINO,Right-Back,right,SINGO W. S.,20964,478960,22231,WILFRIED STEPHANE,SINGO,2000-12-25
538,Mërgim,Vojvoda ,TORINO,Right-Back,right,VOJVODA M.,21824,212667,14765,MERGIM,VOJVODA,1995-02-01
539,Magnus,Warming  ,TORINO,Left Winger,right,WARMING M.,26519,423916,28849,MAGNUS,WARMING,2000-06-08
540,Simone,Zaza ,TORINO,Centre-Forward,left,ZAZA S.,6254,60270,9903,SIMONE,ZAZA,1991-06-25
541,David,Zima ,TORINO,Centre-Back,right,ZIMA D.,24596,477753,34071,DAVID,ZIMA,2000-11-08
542,Tolgay,Arslan ,UDINESE,Central Midfield,right,ARSLAN T.,13055,62339,10430,TOLGAY,ARSLAN,1990-08-16
543,Rodrigo,BecAo  ,UDINESE,Centre-Back,right,BECAO R.,20899,220063,12827,RODRIGO,BECAO,1996-01-19
544,Filip,Benkovic ,UDINESE,Centre-Back,right,BENKOVIC F.,13041,213405,13664,FILIP,BENKOVIC,1997-07-13
545,Beto,Beto,UDINESE,Centre-Forward,right,BETO,27366,486385,29252,NORBERTO BERCIQUE,GOMES BETUNCAL,1998-01-31
546,Sebastien,De Maio,UDINESE,Centre-Back,right,DE MAIO S.,6515,39781,9639,SEBASTIEN,DE MAIO,1987-03-05
547,Gerard,Deulofeu ,UDINESE,Centre-Forward,right,DEULOFEU G.,13271,94924,3848,GERARD,DEULOFEU,1994-03-13
548,Fernando,Forestieri ,UDINESE,Second Striker,right,FORESTIERI F.,23949,39570,18648,FERNANDO,FORESTIERI,1990-01-15
549,Mato,Jajalo ,UDINESE,Defensive Midfield,right,JAJALO M.,7090,56733,7115,MATO,JAJALO,1988-05-25
550,Jens,Larsen,UDINESE,Right-Back,right,LARSEN J.,12794,68659,11191,JENS,LARSEN,1991-02-21
551,Jean-Victor,Makengo  ,UDINESE,Central Midfield,left,MAKENGO J.,24414,199666,11770,JEAN-VICTOR,MAKENGO,1998-06-12
552,Pablo,MarI  ,UDINESE,Centre-Back,left,MARI' P.,25359,92371,8324,PABLO,MARI',1993-08-31
553,Nahuel,Molina ,UDINESE,Right-Back,right,MOLINA N.,23982,221586,26571,NAHUEL,MOLINA,1998-04-06
554,Ilija,Nestorovski ,UDINESE,Centre-Forward,left,NESTOROVSKI I.,11560,72486,17868,ILIJA,NESTOROVSKI,1990-03-12
555,Bram,Nuytinck  ,UDINESE,Centre-Back,left,NUYTINCK B.,7995,76623,1435,BRAM,NUYTINCK,1990-05-04
556,Stefano,Okaka ,UDINESE,Centre-Forward,right,OKAKA S.,6281,20046,10003,STEFANO,OKAKA,1989-08-09
557,Daniele,Padelli ,UDINESE,Goalkeeper,right,PADELLI D.,6305,18377,2270,DANIELE,PADELLI,1985-10-25
558,Simone,Pafundi ,UDINESE,Attacking Midfield,left,PAFUNDI S.,26786,579149,161508,SIMONE,PAFUNDI,2006-03-14
559,Roberto,Pereyra ,UDINESE,Central Midfield,both,PEREYRA R.,6130,61566,9140,ROBERTO,PEREYRA,1991-01-07
560,NehuE'n,PE'rez ,UDINESE,Centre-Back,right,PEREZ N.,25529,441052,27266,NEHUEN,PEREZ,2000-06-24
561,Riccardo,Pinzi ,UDINESE,Central Midfield,right,PINZI R.,33536,565895,102833,RICCARDO,PINZI,2003-08-17
562,Ignacio,Pussetto  ,UDINESE,Right Winger,right,PUSSETTO I.,16750,168290,14091,IGNACIO,PUSSETTO,1995-12-21
563,Lazar,Samardzic ,UDINESE,Attacking Midfield,left,SAMARDZIC L.,26642,477529,24937,LAZAR,SAMARDZIC,2002-02-24
564,Samir,Samir,UDINESE,Centre-Back,left,SAMIR,10291,162651,9498,SAMIR CAETANO,DE SOUZA SANTOS,1994-12-05
565,Marco,Silvestri ,UDINESE,Goalkeeper,right,SILVESTRI M.,14079,56486,6809,MARCO,SILVESTRI,1991-03-02
566,Brandon,Soppy ,UDINESE,Right-Back,right,SOPPY B.,24688,476883,30947,BRANDON,SOPPY,2002-02-21
567,Isaac,Success ,UDINESE,Centre-Forward,right,SUCCESS I.,26707,173514,10160,ISAAC,SUCCESS,1996-01-07
568,Destiny,Udogie  ,UDINESE,Left-Back,left,UDOGIE D.,23630,487053,32071,DESTINY,UDOGIE,2002-11-28
569,Walace,Walace,UDINESE,Defensive Midfield,right,WALACE,11335,184289,13082,WALACE,SOUZA SILVA,1995-04-04
570,Marvin,Zeegelaar ,UDINESE,Left-Back,left,ZEEGELAAR M.,13876,66247,7088,MARVIN,ZEEGELAAR,1990-08-12
571,Ethan,Ampadu ,VENEZIA,Centre-Back,right,AMPADU E.,18550,199598,11632,ETHAN,AMPADU,2000-09-14
572,Mattia,Aramu ,VENEZIA,Attacking Midfield,left,ARAMU M.,5935,169034,27650,MATTIA,ARAMU,1995-05-14
573,Issa,Bah ,VENEZIA,Left Winger,right,BAH I.,32706,473281,49745,ISSA,BAH,2002-07-05
574,Bjarki,Bjarkason ,VENEZIA,Left Winger,right,BJARKASON B. S.,24007,434039,33437,BJARKI STEINN,BJARKASON,2000-05-11
575,Gianluca,Busio ,VENEZIA,Central Midfield,right,BUSIO G.,26662,427168,34514,GIANLUCA,BUSIO,2002-05-28
576,Mattia,Caldara ,VENEZIA,Centre-Back,right,CALDARA M.,5930,174651,11627,MATTIA,CALDARA,1994-05-05
577,Pietro,Ceccaroni ,VENEZIA,Centre-Back,left,CECCARONI P.,5868,169079,19917,PIETRO,CECCARONI,1995-12-21
578,Domen,Crnigoj ,VENEZIA,Central Midfield,right,CRNIGOJ D.,9065,120127,2808,DOMEN,CRNIGOJ,1995-11-18
579,Michaël,Cuisance ,VENEZIA,Central Midfield,left,CUISANCE M.,24593,204730,19127,MIKAEL,CUISANCE,1999-08-16
580,Jacopo,Dezi ,VENEZIA,Central Midfield,right,DEZI J.,5656,76811,19041,JACOPO,DEZI,1992-02-10
581,Francesco,Di Mariano,VENEZIA,Left Winger,right,DI MARIANO F.,11613,153106,19592,FRANCESCO,DI MARIANO,1996-04-20
582,Tyronne,Ebuehi ,VENEZIA,Right-Back,right,EBUEHI T.,16673,186703,10569,TYRONNE,EBUEHI,1995-12-16
583,Luca,Fiordilino ,VENEZIA,Defensive Midfield,right,FIORDILINO L.,10986,233539,19682,LUCA,FIORDILINO,1996-07-25
584,Francesco,Forte ,VENEZIA,Centre-Forward,left,FORTE F.,8805,150526,14734,FRANCESCO,FORTE,1993-05-01
585,Nicolas,Galazzi ,VENEZIA,Right Winger,left,GALAZZI N.,24166,516018,63111,NICOLAS,GALAZZI,2000-12-18
586,Ridgeciano,Haps  ,VENEZIA,Left-Back,left,HAPS R.,7379,148435,9056,RIDGECIANO,HAPS,1993-06-12
587,Thomas,Henry ,VENEZIA,Centre-Forward,right,HENRY T.,26688,220391,32380,THOMAS,HENRY,1994-09-20
588,Daan,Heymans,VENEZIA,Attacking Midfield,right,HEYMANS D.,26527,230386,29935,DAAN,HEYMANS,1999-06-15
589,Dennis,Johnsen ,VENEZIA,Left Winger,right,JOHNSEN D.,16289,246875,12433,DENNIS,JOHNSEN,1998-02-17
590,Sofian,Kiyine ,VENEZIA,Central Midfield,right,KIYINE S.,12912,244291,14112,SOFIAN,KIYINE,1997-10-02
591,Patrick,Leal ,VENEZIA,Attacking Midfield,right,LEAL P. T.,33535,580517,162450,PATRICK THOMAS,LEAL,2003-02-21
592,Luca,Lezzerini  ,VENEZIA,Goalkeeper,right,LEZZERINI L.,6026,105128,6329,LUCA,LEZZERINI,1995-03-24
593,Niki,MAenpAA ,VENEZIA,Goalkeeper,right,MAENPAA N.,10939,48860,8058,NIKI,MAENPAA,1985-01-23
594,Ales,Mateju ,VENEZIA,Right-Back,right,MATEJU A.,13082,209913,19843,ALES,MATEJU,1996-06-03
595,Hilmir,Rafn Mikaelsson,VENEZIA,Centre-Forward, ,MIKAELSSON H. R.,27248,482956,162449,HILMIR RAFN,MIKAELSSON,2004-02-02
596,Marco,Modolo ,VENEZIA,Centre-Back,right,MODOLO M.,7192,19537,27651,MARCO,MODOLO,1989-03-23
597,Cristian,Molinaro ,VENEZIA,Left-Back,left,MOLINARO C.,6316,26720,2050,CRISTIAN,MOLINARO,1983-07-30
598,Nani,NANI,VENEZIA,Left Winger,both,NANI L. C.,7528,38530,7857,LUIS CARLOS,NANI,1986-11-17
599,Jean-Pierre,Nsame ,VENEZIA,Centre-Forward,right,NSAME J.,17414,115816,12415,JEAN-PIERRE,NSAME,1993-05-01
600,David,Okereke ,VENEZIA,Centre-Forward,right,OKEREKE D.,10899,221781,19881,DAVID,OKEREKE,1997-08-29
601,Dor,Peretz ,VENEZIA,Defensive Midfield,right,PERETZ D.,26524,212313,17466,DOR,PERETZ,1995-05-17
602,Sergio,Romero ,VENEZIA,Goalkeeper,right,ROMERO S.,10415,42899,9770,SERGIO,ROMERO,1987-02-22
603,David,Schnegg ,VENEZIA,Left-Back,left,SCHNEGG D.,26523,445433,29905,DAVID,SCHNEGG,1998-09-29
604,ArnOr,Sigurdsson ,VENEZIA,Attacking Midfield,right,SIGURDSSON A.,17405,420618,12829,ARNOR,SIGURDSSON,1999-05-15
605,Michael,Svoboda ,VENEZIA,Centre-Back,right,SVOBODA M.,24006,454490,28784,MICHAEL,SVOBODA,1998-10-15
606,Tanner,Tessmann ,VENEZIA,Central Midfield,right,TESSMANN T.,26526,426634,34511,TANNER,TESSMANN,2001-09-24
607,Maximilian,Ullmann ,VENEZIA,Left-Back,left,ULLMANN M.,19410,186785,16663,MAXIMILIAN,ULLMANN,1996-06-17
608,Antonio,Junior Vacca,VENEZIA,Defensive Midfield,right,VACCA A.,10691,76365,27657,ANTONIO,VACCA,1990-05-13
